tag,env,policy,seed,n,success_rate,wilson_low,wilson_high,goal_offset,budget,cem_steps,horizon,receding,samples,history,seconds
base3000_eval_s42,tworoom,/root/autodl-tmp/lewm_research/data/checkpoints/r12_tw_s3072/weights_step_3000.pt,42,50,20.0,11.243629945973886,33.03737210448524,25,50,10,5,5,300,1,38.278785705566406
base3000_eval_s43,tworoom,/root/autodl-tmp/lewm_research/data/checkpoints/r12_tw_s3072/weights_step_3000.pt,43,50,26.0,15.871379651367384,39.55342198899992,25,50,10,5,5,300,1,38.50231456756592
base3000_eval_s44,tworoom,/root/autodl-tmp/lewm_research/data/checkpoints/r12_tw_s3072/weights_step_3000.pt,44,50,14.000000000000002,6.950745262022862,26.18645719852809,25,50,10,5,5,300,1,36.213335037231445
focus_noop_long_s42,tworoom,random,42,50,0.0,0.0,7.135003417431873,75,150,10,5,5,300,,38.529391288757324
focus_noop_long_s43,tworoom,random,43,50,0.0,0.0,7.135003417431873,75,150,10,5,5,300,,38.46457767486572
focus_noop_long_s44,tworoom,random,44,50,0.0,0.0,7.135003417431873,75,150,10,5,5,300,,38.63386058807373
focus_noop_short_s42,tworoom,random,42,50,4.0,1.1038652660826578,13.460337877954668,25,50,10,5,5,300,,16.670948266983032
focus_noop_short_s43,tworoom,random,43,50,4.0,1.1038652660826578,13.460337877954668,25,50,10,5,5,300,,17.848414659500122
focus_noop_short_s44,tworoom,random,44,50,6.0,2.0614596364630478,16.217343370877003,25,50,10,5,5,300,,16.499116897583008
focus_public_long_cem30_s42,tworoom,/root/autodl-tmp/lewm_research/data/hf_tworoom,42,50,36.0,24.138562967182875,49.859237989698045,75,150,30,5,5,300,3,127.91838312149048
focus_public_long_cem30_s43,tworoom,/root/autodl-tmp/lewm_research/data/hf_tworoom,43,50,36.0,24.138562967182875,49.859237989698045,75,150,30,5,5,300,3,120.55193519592285
focus_public_long_cem30_s44,tworoom,/root/autodl-tmp/lewm_research/data/hf_tworoom,44,50,40.0,27.608189786245752,53.81881089724063,75,150,30,5,5,300,3,124.48999691009521
focus_public_long_h10_n150_s42,tworoom,/root/autodl-tmp/lewm_research/data/hf_tworoom,42,50,40.0,27.608189786245752,53.81881089724063,75,150,10,10,5,150,3,96.84725260734558
focus_public_long_h10_n150_s43,tworoom,/root/autodl-tmp/lewm_research/data/hf_tworoom,43,50,40.0,27.608189786245752,53.81881089724063,75,150,10,10,5,150,3,105.21663093566895
focus_public_long_h10_n150_s44,tworoom,/root/autodl-tmp/lewm_research/data/hf_tworoom,44,50,44.0,31.161987210235342,57.69421319985648,75,150,10,10,5,150,3,104.64311408996582
focus_public_long_replan1_iter10_s42,tworoom,/root/autodl-tmp/lewm_research/data/hf_tworoom,42,50,38.0,25.862595842577218,51.849804977606425,75,150,10,5,1,300,3,172.98346853256226
focus_public_long_replan1_iter10_s43,tworoom,/root/autodl-tmp/lewm_research/data/hf_tworoom,43,50,30.0,19.10338908960936,43.75061227736339,75,150,10,5,1,300,3,192.12293338775635
focus_public_long_replan1_iter10_s44,tworoom,/root/autodl-tmp/lewm_research/data/hf_tworoom,44,50,40.0,27.608189786245752,53.81881089724063,75,150,10,5,1,300,3,175.19099879264832
focus_public_long_replan1_iter2_s42,tworoom,/root/autodl-tmp/lewm_research/data/hf_tworoom,42,50,36.0,24.138562967182875,49.859237989698045,75,150,2,5,1,300,3,76.69101762771606
focus_public_long_replan1_iter2_s43,tworoom,/root/autodl-tmp/lewm_research/data/hf_tworoom,43,50,32.0,20.758044093999402,45.810557136276074,75,150,2,5,1,300,3,83.41867733001709
focus_public_long_replan1_iter2_s44,tworoom,/root/autodl-tmp/lewm_research/data/hf_tworoom,44,50,38.0,25.862595842577218,51.849804977606425,75,150,2,5,1,300,3,80.67449688911438
focus_public_long_s42,tworoom,/root/autodl-tmp/lewm_research/data/hf_tworoom,42,50,36.0,24.138562967182875,49.859237989698045,75,150,10,5,5,300,3,69.48662543296814
focus_public_long_s43,tworoom,/root/autodl-tmp/lewm_research/data/hf_tworoom,43,50,32.0,20.758044093999402,45.810557136276074,75,150,10,5,5,300,3,74.01321172714233
focus_public_long_s44,tworoom,/root/autodl-tmp/lewm_research/data/hf_tworoom,44,50,40.0,27.608189786245752,53.81881089724063,75,150,10,5,5,300,3,71.4132730960846
focus_public_short150_s42,tworoom,/root/autodl-tmp/lewm_research/data/hf_tworoom,42,50,82.0,69.20368054529739,90.2299172675462,25,150,10,5,5,300,3,42.97571778297424
focus_public_short150_s43,tworoom,/root/autodl-tmp/lewm_research/data/hf_tworoom,43,50,78.0,64.75818431054044,87.24621377569771,25,150,10,5,5,300,3,51.99797034263611
focus_public_short150_s44,tworoom,/root/autodl-tmp/lewm_research/data/hf_tworoom,44,50,84.0,71.48551903823402,91.66267863791231,25,150,10,5,5,300,3,45.427732944488525
focus_public_short_s42,tworoom,/root/autodl-tmp/lewm_research/data/hf_tworoom,42,50,80.0,66.96262789551477,88.75637005402612,25,50,10,5,5,300,3,27.05712890625
focus_public_short_s43,tworoom,/root/autodl-tmp/lewm_research/data/hf_tworoom,43,50,78.0,64.75818431054044,87.24621377569771,25,50,10,5,5,300,3,28.554741621017456
focus_public_short_s44,tworoom,/root/autodl-tmp/lewm_research/data/hf_tworoom,44,50,84.0,71.48551903823402,91.66267863791231,25,50,10,5,5,300,3,25.290472984313965
focus_random_long_s42,tworoom,random,42,50,0.0,0.0,7.135003417431873,75,150,10,5,5,300,,38.37981820106506
focus_random_long_s43,tworoom,random,43,50,4.0,1.1038652660826578,13.460337877954668,75,150,10,5,5,300,,37.00841212272644
focus_random_long_s44,tworoom,random,44,50,4.0,1.1038652660826578,13.460337877954668,75,150,10,5,5,300,,37.296149253845215
focus_random_short_s42,tworoom,random,42,50,28.000000000000004,17.47401435768036,41.66538714598967,25,50,10,5,5,300,,17.370357036590576
focus_random_short_s43,tworoom,random,43,50,38.0,25.862595842577218,51.849804977606425,25,50,10,5,5,300,,16.21770143508911
focus_random_short_s44,tworoom,random,44,50,18.0,9.77008273245379,30.79631945470261,25,50,10,5,5,300,,16.50843858718872
focus_trained3072_long_cem30_s42,tworoom,/root/autodl-tmp/lewm_research/data/checkpoints/r12_tw_s3072/weights_final.pt,42,50,56.00000000000001,42.30578680014353,68.83801278976466,75,150,30,5,5,300,1,145.66272592544556
focus_trained3072_long_cem30_s43,tworoom,/root/autodl-tmp/lewm_research/data/checkpoints/r12_tw_s3072/weights_final.pt,43,50,60.0,46.18118910275937,72.39181021375425,75,150,30,5,5,300,1,146.55681347846985
focus_trained3072_long_cem30_s44,tworoom,/root/autodl-tmp/lewm_research/data/checkpoints/r12_tw_s3072/weights_final.pt,44,50,60.0,46.18118910275937,72.39181021375425,75,150,30,5,5,300,1,144.16487050056458
focus_trained3072_long_h10_n150_s42,tworoom,/root/autodl-tmp/lewm_research/data/checkpoints/r12_tw_s3072/weights_final.pt,42,50,60.0,46.18118910275937,72.39181021375425,75,150,10,10,5,150,1,107.49515128135681
focus_trained3072_long_h10_n150_s43,tworoom,/root/autodl-tmp/lewm_research/data/checkpoints/r12_tw_s3072/weights_final.pt,43,50,62.0,48.150195022393575,74.13740415742278,75,150,10,10,5,150,1,106.20585250854492
focus_trained3072_long_h10_n150_s44,tworoom,/root/autodl-tmp/lewm_research/data/checkpoints/r12_tw_s3072/weights_final.pt,44,50,68.0,54.18944286372393,79.24195590600061,75,150,10,10,5,150,1,101.73384308815002
focus_trained3072_long_replan1_iter10_s42,tworoom,/root/autodl-tmp/lewm_research/data/checkpoints/r12_tw_s3072/weights_final.pt,42,50,64.0,50.140762010301955,75.86143703281711,75,150,10,5,1,300,1,190.45004796981812
focus_trained3072_long_replan1_iter10_s43,tworoom,/root/autodl-tmp/lewm_research/data/checkpoints/r12_tw_s3072/weights_final.pt,43,50,60.0,46.18118910275937,72.39181021375425,75,150,10,5,1,300,1,212.15512323379517
focus_trained3072_long_replan1_iter10_s44,tworoom,/root/autodl-tmp/lewm_research/data/checkpoints/r12_tw_s3072/weights_final.pt,44,50,64.0,50.140762010301955,75.86143703281711,75,150,10,5,1,300,1,190.80547094345093
focus_trained3072_long_replan1_iter2_s42,tworoom,/root/autodl-tmp/lewm_research/data/checkpoints/r12_tw_s3072/weights_final.pt,42,50,54.0,40.398634328388084,67.03056539821736,75,150,2,5,1,300,1,80.00770306587219
focus_trained3072_long_replan1_iter2_s43,tworoom,/root/autodl-tmp/lewm_research/data/checkpoints/r12_tw_s3072/weights_final.pt,43,50,52.0,38.51151225880844,65.20308760449429,75,150,2,5,1,300,1,83.49417471885681
focus_trained3072_long_replan1_iter2_s44,tworoom,/root/autodl-tmp/lewm_research/data/checkpoints/r12_tw_s3072/weights_final.pt,44,50,60.0,46.18118910275937,72.39181021375425,75,150,2,5,1,300,1,72.24471235275269
focus_trained3072_long_s42,tworoom,/root/autodl-tmp/lewm_research/data/checkpoints/r12_tw_s3072/weights_final.pt,42,50,57.99999999999999,44.233196687777834,70.62520276543307,75,150,10,5,5,300,1,73.51908731460571
focus_trained3072_long_s43,tworoom,/root/autodl-tmp/lewm_research/data/checkpoints/r12_tw_s3072/weights_final.pt,43,50,52.0,38.51151225880844,65.20308760449429,75,150,10,5,5,300,1,71.33258247375488
focus_trained3072_long_s44,tworoom,/root/autodl-tmp/lewm_research/data/checkpoints/r12_tw_s3072/weights_final.pt,44,50,60.0,46.18118910275937,72.39181021375425,75,150,10,5,5,300,1,73.55216193199158
focus_trained3072_short150_s42,tworoom,/root/autodl-tmp/lewm_research/data/checkpoints/r12_tw_s3072/weights_final.pt,42,50,100.0,92.86499658256812,100.0,25,150,10,5,5,300,1,21.79457998275757
focus_trained3072_short150_s43,tworoom,/root/autodl-tmp/lewm_research/data/checkpoints/r12_tw_s3072/weights_final.pt,43,50,94.0,83.78265662912298,97.93854036353696,25,150,10,5,5,300,1,44.83353090286255
focus_trained3072_short150_s44,tworoom,/root/autodl-tmp/lewm_research/data/checkpoints/r12_tw_s3072/weights_final.pt,44,50,94.0,83.78265662912298,97.93854036353696,25,150,10,5,5,300,1,47.567283630371094
focus_trained3072_short_s42,tworoom,/root/autodl-tmp/lewm_research/data/checkpoints/r12_tw_s3072/weights_final.pt,42,50,100.0,92.86499658256812,100.0,25,50,10,5,5,300,1,24.38932180404663
focus_trained3072_short_s43,tworoom,/root/autodl-tmp/lewm_research/data/checkpoints/r12_tw_s3072/weights_final.pt,43,50,94.0,83.78265662912298,97.93854036353696,25,50,10,5,5,300,1,28.572906732559204
focus_trained3072_short_s44,tworoom,/root/autodl-tmp/lewm_research/data/checkpoints/r12_tw_s3072/weights_final.pt,44,50,92.0,81.1614974549363,96.84509967442094,25,50,10,5,5,300,1,29.127728939056396
focus_trained3073_long_cem30_s42,tworoom,/root/autodl-tmp/lewm_research/data/checkpoints/r12_tw_s3073/weights_final.pt,42,50,62.0,48.150195022393575,74.13740415742278,75,150,30,5,5,300,1,133.67100977897644
focus_trained3073_long_cem30_s43,tworoom,/root/autodl-tmp/lewm_research/data/checkpoints/r12_tw_s3073/weights_final.pt,43,50,66.0,52.153568541482855,77.56323036493895,75,150,30,5,5,300,1,139.67932844161987
focus_trained3073_long_cem30_s44,tworoom,/root/autodl-tmp/lewm_research/data/checkpoints/r12_tw_s3073/weights_final.pt,44,50,57.99999999999999,44.233196687777834,70.62520276543307,75,150,30,5,5,300,1,141.34832429885864
focus_trained3073_long_h10_n150_s42,tworoom,/root/autodl-tmp/lewm_research/data/checkpoints/r12_tw_s3073/weights_final.pt,42,50,64.0,50.140762010301955,75.86143703281711,75,150,10,10,5,150,1,110.36816930770874
focus_trained3073_long_h10_n150_s43,tworoom,/root/autodl-tmp/lewm_research/data/checkpoints/r12_tw_s3073/weights_final.pt,43,50,74.0,60.446578011000085,84.12862034863262,75,150,10,10,5,150,1,107.79155683517456
focus_trained3073_long_h10_n150_s44,tworoom,/root/autodl-tmp/lewm_research/data/checkpoints/r12_tw_s3073/weights_final.pt,44,50,57.99999999999999,44.233196687777834,70.62520276543307,75,150,10,10,5,150,1,113.59946942329407
focus_trained3073_long_replan1_iter10_s42,tworoom,/root/autodl-tmp/lewm_research/data/checkpoints/r12_tw_s3073/weights_final.pt,42,50,64.0,50.140762010301955,75.86143703281711,75,150,10,5,1,300,1,193.94780373573303
focus_trained3073_long_replan1_iter10_s43,tworoom,/root/autodl-tmp/lewm_research/data/checkpoints/r12_tw_s3073/weights_final.pt,43,50,74.0,60.446578011000085,84.12862034863262,75,150,10,5,1,300,1,192.10993885993958
focus_trained3073_long_replan1_iter10_s44,tworoom,/root/autodl-tmp/lewm_research/data/checkpoints/r12_tw_s3073/weights_final.pt,44,50,68.0,54.18944286372393,79.24195590600061,75,150,10,5,1,300,1,187.607417345047
focus_trained3073_long_replan1_iter2_s42,tworoom,/root/autodl-tmp/lewm_research/data/checkpoints/r12_tw_s3073/weights_final.pt,42,50,64.0,50.140762010301955,75.86143703281711,75,150,2,5,1,300,1,77.24148082733154
focus_trained3073_long_replan1_iter2_s43,tworoom,/root/autodl-tmp/lewm_research/data/checkpoints/r12_tw_s3073/weights_final.pt,43,50,68.0,54.18944286372393,79.24195590600061,75,150,2,5,1,300,1,78.8743405342102
focus_trained3073_long_replan1_iter2_s44,tworoom,/root/autodl-tmp/lewm_research/data/checkpoints/r12_tw_s3073/weights_final.pt,44,50,62.0,48.150195022393575,74.13740415742278,75,150,2,5,1,300,1,71.62839770317078
focus_trained3073_long_s42,tworoom,/root/autodl-tmp/lewm_research/data/checkpoints/r12_tw_s3073/weights_final.pt,42,50,62.0,48.150195022393575,74.13740415742278,75,150,10,5,5,300,1,71.82828879356384
focus_trained3073_long_s43,tworoom,/root/autodl-tmp/lewm_research/data/checkpoints/r12_tw_s3073/weights_final.pt,43,50,64.0,50.140762010301955,75.86143703281711,75,150,10,5,5,300,1,81.96597504615784
focus_trained3073_long_s44,tworoom,/root/autodl-tmp/lewm_research/data/checkpoints/r12_tw_s3073/weights_final.pt,44,50,56.00000000000001,42.30578680014353,68.83801278976466,75,150,10,5,5,300,1,80.43824815750122
focus_trained3073_short150_s42,tworoom,/root/autodl-tmp/lewm_research/data/checkpoints/r12_tw_s3073/weights_final.pt,42,50,94.0,83.78265662912298,97.93854036353696,25,150,10,5,5,300,1,44.036155223846436
focus_trained3073_short150_s43,tworoom,/root/autodl-tmp/lewm_research/data/checkpoints/r12_tw_s3073/weights_final.pt,43,50,90.0,78.63950966521162,95.65248760084289,25,150,10,5,5,300,1,49.440112829208374
focus_trained3073_short150_s44,tworoom,/root/autodl-tmp/lewm_research/data/checkpoints/r12_tw_s3073/weights_final.pt,44,50,94.0,83.78265662912298,97.93854036353696,25,150,10,5,5,300,1,44.19859004020691
focus_trained3073_short_s42,tworoom,/root/autodl-tmp/lewm_research/data/checkpoints/r12_tw_s3073/weights_final.pt,42,50,94.0,83.78265662912298,97.93854036353696,25,50,10,5,5,300,1,29.61604905128479
focus_trained3073_short_s43,tworoom,/root/autodl-tmp/lewm_research/data/checkpoints/r12_tw_s3073/weights_final.pt,43,50,90.0,78.63950966521162,95.65248760084289,25,50,10,5,5,300,1,29.34431481361389
focus_trained3073_short_s44,tworoom,/root/autodl-tmp/lewm_research/data/checkpoints/r12_tw_s3073/weights_final.pt,44,50,94.0,83.78265662912298,97.93854036353696,25,50,10,5,5,300,1,28.27241802215576
public_cube_s42,cube,/root/autodl-tmp/lewm_research/data/hf_cube,42,50,72.0,58.33461285401034,82.52598564231963,25,50,10,5,5,300,3,71.60329985618591
public_cube_s43,cube,/root/autodl-tmp/lewm_research/data/hf_cube,43,50,80.0,66.96262789551477,88.75637005402612,25,50,10,5,5,300,3,69.14283537864685
public_cube_s44,cube,/root/autodl-tmp/lewm_research/data/hf_cube,44,50,60.0,46.18118910275937,72.39181021375425,25,50,10,5,5,300,3,72.57526969909668
public_pusht_s42,pusht,/root/autodl-tmp/lewm_research/data/hf_pusht,42,50,94.0,83.78265662912298,97.93854036353696,25,50,30,5,5,300,3,41.32744860649109
public_pusht_s43,pusht,/root/autodl-tmp/lewm_research/data/hf_pusht,43,50,90.0,78.63950966521162,95.65248760084289,25,50,30,5,5,300,3,41.12820386886597
public_pusht_s44,pusht,/root/autodl-tmp/lewm_research/data/hf_pusht,44,50,84.0,71.48551903823402,91.66267863791231,25,50,30,5,5,300,3,41.61725687980652
public_reacher_s42,reacher,/root/autodl-tmp/lewm_research/data/hf_reacher,42,50,57.99999999999999,44.233196687777834,70.62520276543307,25,50,10,5,5,300,3,49.22016167640686
public_reacher_s43,reacher,/root/autodl-tmp/lewm_research/data/hf_reacher,43,50,52.0,38.51151225880844,65.20308760449429,25,50,10,5,5,300,3,48.43429923057556
public_reacher_s44,reacher,/root/autodl-tmp/lewm_research/data/hf_reacher,44,50,54.0,40.398634328388084,67.03056539821736,25,50,10,5,5,300,3,48.419357776641846
public_tworoom_s42,tworoom,/root/autodl-tmp/lewm_research/data/hf_tworoom,42,50,90.0,78.63950966521162,95.65248760084289,25,50,10,5,5,300,3,23.089383125305176
public_tworoom_s43,tworoom,/root/autodl-tmp/lewm_research/data/hf_tworoom,43,50,74.0,60.446578011000085,84.12862034863262,25,50,10,5,5,300,3,29.131443977355957
public_tworoom_s44,tworoom,/root/autodl-tmp/lewm_research/data/hf_tworoom,44,50,90.0,78.63950966521162,95.65248760084289,25,50,10,5,5,300,3,28.316810369491577
r12_dim64_eval_s42,tworoom,/root/autodl-tmp/lewm_research/data/checkpoints/r12_dim64/weights_final.pt,42,50,46.0,32.96943460178263,59.601365671611916,25,50,10,5,5,300,1,35.54004240036011
r12_dim64_eval_s43,tworoom,/root/autodl-tmp/lewm_research/data/checkpoints/r12_dim64/weights_final.pt,43,50,44.0,31.161987210235342,57.69421319985648,25,50,10,5,5,300,1,35.27396512031555
r12_dim64_eval_s44,tworoom,/root/autodl-tmp/lewm_research/data/checkpoints/r12_dim64/weights_final.pt,44,50,32.0,20.758044093999402,45.810557136276074,25,50,10,5,5,300,1,39.65009379386902
r12_lowreg_eval_s42,tworoom,/root/autodl-tmp/lewm_research/data/checkpoints/r12_lowreg/weights_final.pt,42,50,44.0,31.161987210235342,57.69421319985648,25,50,10,5,5,300,1,36.447619676589966
r12_lowreg_eval_s43,tworoom,/root/autodl-tmp/lewm_research/data/checkpoints/r12_lowreg/weights_final.pt,43,50,40.0,27.608189786245752,53.81881089724063,25,50,10,5,5,300,1,38.15711736679077
r12_lowreg_eval_s44,tworoom,/root/autodl-tmp/lewm_research/data/checkpoints/r12_lowreg/weights_final.pt,44,50,54.0,40.398634328388084,67.03056539821736,25,50,10,5,5,300,1,39.39794731140137
r12_noreg_eval_s42,tworoom,/root/autodl-tmp/lewm_research/data/checkpoints/r12_noreg/weights_final.pt,42,50,24.0,14.297252401872207,37.41294937519236,25,50,10,5,5,300,1,38.97532272338867
r12_noreg_eval_s43,tworoom,/root/autodl-tmp/lewm_research/data/checkpoints/r12_noreg/weights_final.pt,43,50,24.0,14.297252401872207,37.41294937519236,25,50,10,5,5,300,1,39.13560342788696
r12_noreg_eval_s44,tworoom,/root/autodl-tmp/lewm_research/data/checkpoints/r12_noreg/weights_final.pt,44,50,24.0,14.297252401872207,37.41294937519236,25,50,10,5,5,300,1,39.25654125213623
random_cube_s42,cube,random,42,50,48.0,34.79691239550571,61.48848774119157,25,50,10,5,5,300,,55.90569996833801
random_cube_s43,cube,random,43,50,50.0,36.64428641233285,63.35571358766714,25,50,10,5,5,300,,56.428492069244385
random_cube_s44,cube,random,44,50,44.0,31.161987210235342,57.69421319985648,25,50,10,5,5,300,,57.236419916152954
random_pusht_s42,pusht,random,42,50,0.0,0.0,7.135003417431873,25,50,30,5,5,300,,19.544260263442993
random_pusht_s43,pusht,random,43,50,0.0,0.0,7.135003417431873,25,50,30,5,5,300,,19.942085027694702
random_pusht_s44,pusht,random,44,50,2.0,0.35391680889764604,10.495686471836953,25,50,30,5,5,300,,19.554941177368164
random_reacher_s42,reacher,random,42,50,14.000000000000002,6.950745262022862,26.18645719852809,25,50,10,5,5,300,,32.25716543197632
random_reacher_s43,reacher,random,43,50,16.0,8.337321362087696,28.51448096176598,25,50,10,5,5,300,,30.96093249320984
random_reacher_s44,reacher,random,44,50,16.0,8.337321362087696,28.51448096176598,25,50,10,5,5,300,,30.874647617340088
random_tworoom_s42,tworoom,random,42,50,32.0,20.758044093999402,45.810557136276074,25,50,10,5,5,300,,16.435335159301758
random_tworoom_s43,tworoom,random,43,50,26.0,15.871379651367384,39.55342198899992,25,50,10,5,5,300,,16.98523759841919
random_tworoom_s44,tworoom,random,44,50,28.000000000000004,17.47401435768036,41.66538714598967,25,50,10,5,5,300,,16.919918060302734
sweep_cem30,tworoom,/root/autodl-tmp/lewm_research/data/hf_tworoom,42,50,86.0,73.8135428014719,93.04925473797714,25,50,30,5,5,300,3,39.404897689819336
sweep_long75,tworoom,/root/autodl-tmp/lewm_research/data/hf_tworoom,42,50,32.0,20.758044093999402,45.810557136276074,75,150,10,5,5,300,3,72.45111632347107
sweep_long_h10,tworoom,/root/autodl-tmp/lewm_research/data/hf_tworoom,42,50,40.0,27.608189786245752,53.81881089724063,75,150,10,10,5,300,3,108.78049373626709
sweep_long_replan1,tworoom,/root/autodl-tmp/lewm_research/data/hf_tworoom,42,50,36.0,24.138562967182875,49.859237989698045,75,150,10,5,1,300,3,172.3317165374756
sweep_long_samples64,tworoom,/root/autodl-tmp/lewm_research/data/hf_tworoom,42,50,34.0,22.43676963506106,47.846431458517145,75,150,10,5,5,64,3,74.55059051513672
sweep_mid50,tworoom,/root/autodl-tmp/lewm_research/data/hf_tworoom,42,50,46.0,32.96943460178263,59.601365671611916,50,100,10,5,5,300,3,47.904343605041504
trained3072_long_s42,tworoom,/root/autodl-tmp/lewm_research/data/checkpoints/r12_tw_s3072/weights_final.pt,42,50,64.0,50.140762010301955,75.86143703281711,75,150,10,5,5,300,1,80.48988318443298
trained3072_long_s43,tworoom,/root/autodl-tmp/lewm_research/data/checkpoints/r12_tw_s3072/weights_final.pt,43,50,48.0,34.79691239550571,61.48848774119157,75,150,10,5,5,300,1,84.02791237831116
trained3072_long_s44,tworoom,/root/autodl-tmp/lewm_research/data/checkpoints/r12_tw_s3072/weights_final.pt,44,50,76.0,62.58705062480763,85.70274759812779,75,150,10,5,5,300,1,63.93131995201111
trained3072_tw_s42,tworoom,/root/autodl-tmp/lewm_research/data/checkpoints/r12_tw_s3072/weights_final.pt,42,50,94.0,83.78265662912298,97.93854036353696,25,50,10,5,5,300,1,28.073639631271362
trained3072_tw_s43,tworoom,/root/autodl-tmp/lewm_research/data/checkpoints/r12_tw_s3072/weights_final.pt,43,50,96.0,86.53966212204534,98.89613473391734,25,50,10,5,5,300,1,30.656787395477295
trained3072_tw_s44,tworoom,/root/autodl-tmp/lewm_research/data/checkpoints/r12_tw_s3072/weights_final.pt,44,50,94.0,83.78265662912298,97.93854036353696,25,50,10,5,5,300,1,28.609881162643433
trained3073_tw_s42,tworoom,/root/autodl-tmp/lewm_research/data/checkpoints/r12_tw_s3073/weights_final.pt,42,50,94.0,83.78265662912298,97.93854036353696,25,50,10,5,5,300,1,30.764528274536133
trained3073_tw_s43,tworoom,/root/autodl-tmp/lewm_research/data/checkpoints/r12_tw_s3073/weights_final.pt,43,50,96.0,86.53966212204534,98.89613473391734,25,50,10,5,5,300,1,30.22627353668213
trained3073_tw_s44,tworoom,/root/autodl-tmp/lewm_research/data/checkpoints/r12_tw_s3073/weights_final.pt,44,50,96.0,86.53966212204534,98.89613473391734,25,50,10,5,5,300,1,29.04066014289856
